groups,groups,ci_lower,ci_higher
A,A,0.09547691893861841,0.11247785594529032
B,B,0.11148727037991676,0.12944793865515358
